{
    "packages": [
        {
            "name": "dompdf/dompdf",
            "version": "v1.2.2",
            "version_normalized": "1.2.2.0",
            "source": {
                "type": "git",
                "url": "https://github.com/dompdf/dompdf.git",
                "reference": "5031045d9640b38cfc14aac9667470df09c9e090"
            },
            "dist": {
                "type": "zip",
                "url": "https://api.github.com/repos/dompdf/dompdf/zipball/5031045d9640b38cfc14aac9667470df09c9e090",
                "reference": "5031045d9640b38cfc14aac9667470df09c9e090",
                "shasum": ""
            },
            "require": {
                "ext-dom": "*",
                "ext-mbstring": "*",
                "phenx/php-font-lib": "^0.5.4",
                "phenx/php-svg-lib": "^0.3.3 || ^0.4.0",
                "php": "^7.1 || ^8.0"
            },
            "require-dev": {
                "ext-json": "*",
                "ext-zip": "*",
                "mockery/mockery": "^1.3",
                "phpunit/phpunit": "^7.5 || ^8 || ^9",
                "squizlabs/php_codesniffer": "^3.5"
            },
            "suggest": {
                "ext-gd": "Needed to process images",
                "ext-gmagick": "Improves image processing performance",
                "ext-imagick": "Improves image processing performance",
                "ext-zlib": "Needed for pdf stream compression"
            },
            "time": "2022-04-27T13:50:54+00:00",
            "type": "library",
            "installation-source": "dist",
            "autoload": {
                "psr-4": {
                    "Dompdf\\": "src/"
                },
                "classmap": [
                    "lib/"
                ]
            },
            "notification-url": "https://packagist.org/downloads/",
            "license": [
                "LGPL-2.1"
            ],
            "authors": [
                {
                    "name": "Fabien Ménager",
                    "email": "fabien.menager@gmail.com"
                },
                {
                    "name": "Brian Sweeney",
                    "email": "eclecticgeek@gmail.com"
                },
                {
                    "name": "Gabriel Bull",
                    "email": "me@gabrielbull.com"
                }
            ],
            "description": "DOMPDF is a CSS 2.1 compliant HTML to PDF converter",
            "homepage": "https://github.com/dompdf/dompdf",
            "support": {
                "issues": "https://github.com/dompdf/dompdf/issues",
                "source": "https://github.com/dompdf/dompdf/tree/v1.2.2"
            },
            "install-path": "../dompdf/dompdf"
        },
        {
            "name": "phenx/php-font-lib",
            "version": "0.5.4",
            "version_normalized": "0.5.4.0",
            "source": {
                "type": "git",
                "url": "https://github.com/dompdf/php-font-lib.git",
                "reference": "dd448ad1ce34c63d09baccd05415e361300c35b4"
            },
            "dist": {
                "type": "zip",
                "url": "https://api.github.com/repos/dompdf/php-font-lib/zipball/dd448ad1ce34c63d09baccd05415e361300c35b4",
                "reference": "dd448ad1ce34c63d09baccd05415e361300c35b4",
                "shasum": ""
            },
            "require": {
                "ext-mbstring": "*"
            },
            "require-dev": {
                "symfony/phpunit-bridge": "^3 || ^4 || ^5"
            },
            "time": "2021-12-17T19:44:54+00:00",
            "type": "library",
            "installation-source": "dist",
            "autoload": {
                "psr-4": {
                    "FontLib\\": "src/FontLib"
                }
            },
            "notification-url": "https://packagist.org/downloads/",
            "license": [
                "LGPL-3.0"
            ],
            "authors": [
                {
                    "name": "Fabien Ménager",
                    "email": "fabien.menager@gmail.com"
                }
            ],
            "description": "A library to read, parse, export and make subsets of different types of font files.",
            "homepage": "https://github.com/PhenX/php-font-lib",
            "support": {
                "issues": "https://github.com/dompdf/php-font-lib/issues",
                "source": "https://github.com/dompdf/php-font-lib/tree/0.5.4"
            },
            "install-path": "../phenx/php-font-lib"
        },
        {
            "name": "phenx/php-svg-lib",
            "version": "0.4.1",
            "version_normalized": "0.4.1.0",
            "source": {
                "type": "git",
                "url": "https://github.com/dompdf/php-svg-lib.git",
                "reference": "4498b5df7b08e8469f0f8279651ea5de9626ed02"
            },
            "dist": {
                "type": "zip",
                "url": "https://api.github.com/repos/dompdf/php-svg-lib/zipball/4498b5df7b08e8469f0f8279651ea5de9626ed02",
                "reference": "4498b5df7b08e8469f0f8279651ea5de9626ed02",
                "shasum": ""
            },
            "require": {
                "ext-mbstring": "*",
                "php": "^7.1 || ^7.2 || ^7.3 || ^7.4 || ^8.0",
                "sabberworm/php-css-parser": "^8.4"
            },
            "require-dev": {
                "phpunit/phpunit": "^7.5 || ^8.5 || ^9.5"
            },
            "time": "2022-03-07T12:52:04+00:00",
            "type": "library",
            "installation-source": "dist",
            "autoload": {
                "psr-4": {
                    "Svg\\": "src/Svg"
                }
            },
            "notification-url": "https://packagist.org/downloads/",
            "license": [
                "LGPL-3.0"
            ],
            "authors": [
                {
                    "name": "Fabien Ménager",
                    "email": "fabien.menager@gmail.com"
                }
            ],
            "description": "A library to read, parse and export to PDF SVG files.",
            "homepage": "https://github.com/PhenX/php-svg-lib",
            "support": {
                "issues": "https://github.com/dompdf/php-svg-lib/issues",
                "source": "https://github.com/dompdf/php-svg-lib/tree/0.4.1"
            },
            "install-path": "../phenx/php-svg-lib"
        },
        {
            "name": "sabberworm/php-css-parser",
            "version": "8.4.0",
            "version_normalized": "8.4.0.0",
            "source": {
                "type": "git",
                "url": "https://github.com/sabberworm/PHP-CSS-Parser.git",
                "reference": "e41d2140031d533348b2192a83f02d8dd8a71d30"
            },
            "dist": {
                "type": "zip",
                "url": "https://api.github.com/repos/sabberworm/PHP-CSS-Parser/zipball/e41d2140031d533348b2192a83f02d8dd8a71d30",
                "reference": "e41d2140031d533348b2192a83f02d8dd8a71d30",
                "shasum": ""
            },
            "require": {
                "ext-iconv": "*",
                "php": ">=5.6.20"
            },
            "require-dev": {
                "codacy/coverage": "^1.4",
                "phpunit/phpunit": "^4.8.36"
            },
            "suggest": {
                "ext-mbstring": "for parsing UTF-8 CSS"
            },
            "time": "2021-12-11T13:40:54+00:00",
            "type": "library",
            "installation-source": "dist",
            "autoload": {
                "psr-4": {
                    "Sabberworm\\CSS\\": "src/"
                }
            },
            "notification-url": "https://packagist.org/downloads/",
            "license": [
                "MIT"
            ],
            "authors": [
                {
                    "name": "Raphael Schweikert"
                }
            ],
            "description": "Parser for CSS Files written in PHP",
            "homepage": "https://www.sabberworm.com/blog/2010/6/10/php-css-parser",
            "keywords": [
                "css",
                "parser",
                "stylesheet"
            ],
            "support": {
                "issues": "https://github.com/sabberworm/PHP-CSS-Parser/issues",
                "source": "https://github.com/sabberworm/PHP-CSS-Parser/tree/8.4.0"
            },
            "install-path": "../sabberworm/php-css-parser"
        }
    ],
    "dev": true,
    "dev-package-names": []
}
